Feature,Coefficient
area,235.84877178813727
bedrooms,78574.49238760117
bathrooms,1097117.266147958
stories,406223.1644628841
mainroad,366824.1923924831
guestroom,233146.76562655004
basement,393159.77872584015
hotwaterheating,687881.3109570161
airconditioning,785550.5792954288
parking,225756.51397628186
prefarea,629901.6608459117
furnishingstatus,210397.11827155645
